<?xml version="1.0" encoding="ISO-8859-1"?>
<settings>
	<groups>
		<group snapToCell="true" gridPosition="BC" cellPosition="BC" orientation="horizontal" spacing="0">
			<doubleButton>
				<button out="assets/skins/videoSkin2/play.jpg" over="assets/skins/videoSkin2/playOver.jpg" down="assets/skins/videoSkin2/playDown.jpg" action="play" tooltip="" />
				<button out="assets/skins/videoSkin2/pause.jpg" over="assets/skins/videoSkin2/pauseOver.jpg" down="assets/skins/videoSkin2/pauseDown.jpg" action="pause" tooltip="" />
			</doubleButton>
			<scrubBar back="assets/skins/videoSkin2/back.gif"  position="assets/skins/videoSkin2/barScrubber.gif" progress="assets/skins/videoSkin2/bar.gif" dragOut="assets/skins/videoSkin2/pointer.gif" dif="5"/>
			<volume back="assets/skins/videoSkin2/back.gif"  position="assets/skins/videoSkin2/barScrubber.gif" progress="assets/skins/videoSkin2/bar.gif" dragOut="assets/skins/videoSkin2/pointer.gif" dif="5" width="30"/>
		</group>
		<group snapToCell="true" gridPosition="CC" cellPosition="CC" orientation="horizontal" spacing="0">
			<button out="assets/skins/videoSkin2/centerPlay.png" action="playBig" tooltip=""/>
		</group>
	</groups>
</settings>